{"initial_reset_timestamp": 1560013775.708383, "timestamps": [1560013809.7855492], "episode_lengths": [1000], "episode_rewards": [-36.9771815673318], "episode_types": ["t"]}