{"initial_reset_timestamp": 1563272470.6898856, "timestamps": [1563272489.1845207], "episode_lengths": [500], "episode_rewards": [500.0], "episode_types": ["t"]}