{"initial_reset_timestamp": 1559906846.078311, "timestamps": [1559906847.5843463], "episode_lengths": [10], "episode_rewards": [10.0], "episode_types": ["t"]}